Kho Giao Hàng Nặng,KTC/KCT liền kề trước
Kho Giao Hàng Nặng - Đông Hưng - Thái Bình,KTC Hưng Yên
Kho Giao Hàng Nặng - Ân Thi - Hưng Yên,KTC Hưng Yên
Kho Giao Hàng Nặng - Nho Quan - Ninh Bình,KTC Hưng Yên
Kho Giao Hàng Nặng - Mỹ Lộc - Nam Định,KTC Hưng Yên
Kho Giao Hàng Nặng - Tân Bình - Hải Dương,KTC Hưng Yên
Kho Đức Giang - Hà Nội,KTC Dương Xá
Kho Giao Hàng Nặng - Đông Anh - Hà Nội,KTC Dương Xá
Kho Giao Hàng Nặng - Thanh Trì - Hà Nội,KTC Dương Xá
Kho Giao Hàng Nặng - Bắc Từ Liêm - Hà Nội,KTC Dương Xá
Kho Giao Hàng Nặng - Long Biên - Hà Nội,KTC Dương Xá
Kho Giao Hàng Nặng - Thanh Oai - Hà Nội,KTC Dương Xá
Kho Hoài Đức - Hà Nội,KTC Dương Xá
Kho Giao Hàng Nặng - Tiên Du - Bắc Ninh,KTC Dương Xá
Kho Giao Hàng Nặng - TP Hòa Bình - Hòa Bình,KTC Hà Nội
Kho Giao Hàng Nặng - TP Tuyên Quang - Tuyên Quang,KTC Hà Nội
Kho Giao Hàng Nặng - TP Sơn La - Sơn La,KTC Hà Nội
Kho Giao Hàng Nặng - TP Lào Cai - Lào Cai,KTC Hà Nội
Kho Giao Hàng Nặng - TP Lạng Sơn - Lạng Sơn,KTC Hà Nội
Kho Giao Hàng Nặng - TP Yên Bái - Yên Bái,KTC Hà Nội
Kho Giao Hàng Nặng - Việt Trì - Phú Thọ,KTC Hà Nội
Kho Giao Hàng Nặng - Bình Xuyên - Vĩnh Phúc,KTC Hà Nội
Kho Giao Hàng Nặng - TP Hạ Long - Quảng Ninh,KTC Hà Nội
Kho Giao Hàng Nặng - TP Thái Nguyên - Thái Nguyên,KTC Hà Nội
Kho Giao Hàng Nặng - Việt Yên - Bắc Giang,KTC Hà Nội
Kho Giao Hàng Nặng - An Dương - Hải Phòng,KTC Hà Nội
Kho Giao Hàng Nặng - Thạch Hà - Hà Tĩnh,KTC Nghệ An
Kho Giao Hàng Nặng - Vinh - Nghệ An,KTC Nghệ An
Kho Giao Hàng Nặng - Đông Thọ - Thanh Hóa,KTC Thanh Hóa
Kho Giao Hàng Nặng - Gia Nghĩa - Đắk Nông,KTC Đắk Nông
Kho Giao Hàng Nặng - Đồng Hới - Quảng Bình,KTC Quảng Bình
Kho Giao Hàng Nặng - Đông Hà - Quảng Trị,KTC Quảng Bình
Kho Giao Hàng Nặng - Cam Ranh - Khánh Hòa,KTC Khánh Hòa
Kho Nha Trang - Khánh Hòa,KTC Khánh Hòa
Kho Giao Hàng Nặng - Phan Rang - Ninh Thuận,KTC Khánh Hòa
Kho Giao Hàng Nặng - Hương Thủy - Huế,KCT Huế
Kho Giao Hàng Nặng - Liên Chiểu - Đà Nẵng,KTC Đà Nẵng
Kho Giao Hàng Nặng - Tam Kỳ - Quảng Nam,KTC Đà Nẵng
Kho Giao Hàng Nặng - Hội An - Quảng Nam,KTC Đà Nẵng
Kho Giao Hàng Nặng - Hoà Xuân - Đà Nẵng,KTC Đà Nẵng
Kho Giao Hàng Nặng - Tuy Hoà - Phú Yên,KTC Bình Định
Kho Giao Hàng Nặng - Quy Nhơn - Bình Định,KTC Bình Định
Kho Giao Hàng Nặng - Hoài Nhơn - Bình Định,KTC Bình Định
Kho Giao Hàng Nặng - Bình Thủy - Cần Thơ,KTC Cần Thơ
Kho Giao Hàng Nặng - Cái Răng - Cần Thơ,KTC Cần Thơ
Kho Giao Hàng Nặng - Tam Nông - Đồng Tháp,KTC Cần Thơ
Kho Giao Hàng Nặng - TP Bạc Liêu - Bạc Liêu,KTC Cần Thơ
Kho Giao Hàng Nặng - TP Cao Lãnh - Đồng Tháp,KTC Cần Thơ
Kho Giao Hàng Nặng - TP Châu Đốc - An Giang,KTC Cần Thơ
Kho Giao Hàng Nặng - TP Long Xuyên - An Giang,KTC Cần Thơ
Kho Giao Hàng Nặng - TP Sóc Trăng - Sóc Trăng,KTC Cần Thơ
Kho Giao Hàng Nặng - TP Trà Vinh - Trà Vinh,KTC Cần Thơ
Kho Giao Hàng Nặng - TP Vĩnh Long - Vĩnh Long,KTC Cần Thơ
Kho Giao Hàng Nặng - Buôn Hồ - Đắk Lắk,KTC Đắk Lắk
Kho Giao Hàng Nặng - Buôn Ma Thuột - Đắk Lắk,KTC Đắk Lắk
Kho Giao Hàng Nặng - Pleiku - Gia Lai,KTC Gia Lai
Kho Giao Hàng Nặng - Thắng Lợi - Kon Tum,KCT Đắk Lắk
Kho Giao Hàng Nặng - Cai Lậy - Tiền Giang,HCM01
Kho Giao Hàng Nặng - Mỹ Tho - Tiền Giang,HCM01
Kho Giao Hàng Nặng - TP Tây Ninh - Tây Ninh,HCM01
Kho Giao Hàng Nặng - Tân An - Long An,HCM01
Kho Giao Hàng Nặng - Nhà Bè - HCM,HCM01
Kho Giao Hàng Nặng - Dĩ An - Bình Dương,HCM01
Kho Giao Hàng Nặng - Thủ Dầu Một - Bình Dương,HCM01
Kho Giao Hàng Nặng - Thủ Đức - HCM,HCM01
Kho Giao Hàng Nặng - Tân Tạo - HCM,HCM01
Kho Giao Hàng Nặng - Hồ Chí Minh - HCM,HCM01
Kho Giao Hàng Nặng - La Gi - Bình Thuận,KCT Bình Thuận
Kho Giao Hàng Nặng - Phan Thiết - Bình Thuận,KCT Bình Thuận
Kho Giao Hàng Nặng - Tuy Phong - Bình Thuận,KCT Bình Thuận
Kho Giao Hàng Nặng - Quảng Ngãi - Quảng Ngãi,KCT Quảng Ngãi
Kho Giao Hàng Nặng - Chơn Thành - Bình Phước,KCT Bình Phước
Kho Giao Hàng Nặng - TP Đồng Xoài - Bình Phước,KCT Bình Phước
Kho Giao Hàng Nặng - Long Thành - Đồng Nai,KCT Đồng Nai
Kho Giao Hàng Nặng - TP Bà Rịa - BRVT,KCT Đồng Nai
Kho Giao Hàng Nặng - TP Biên Hòa - Đồng Nai,KCT Đồng Nai
Kho Giao Hàng Nặng - TP Vũng Tàu - BRVT,KCT Đồng Nai
Kho Giao Hàng Nặng - Trảng Bom - Đồng Nai,KCT Đồng Nai
Kho Giao Hàng Nặng - Đức Trọng - Lâm Đồng,KTC Lâm Đồng
Kho Giao Hàng Nặng - TP Bảo Lộc - Lâm Đồng,HCM20
Kho Giao Hàng Nặng - TP Đà Lạt - Lâm Đồng,HCM20
Kho Giao Hàng Nặng - TP Cà Mau - Cà Mau,HCM20
Kho Giao Hàng Nặng - Tân Bình - HCM,HCM20
Kho Giao Hàng Nặng - TP Hà Tiên - Kiên Giang,HCM20
Kho Giao Hàng Nặng - TP Rạch Giá - Kiên Giang,HCM20
